{
    "epoch": 1.44,
    "test_accuracy": 0.50025,
    "test_f1": 0.4984140701000839,
    "test_loss": 0.7559334635734558,
    "test_precision": 0.5148289259411907,
    "test_recall": 0.5141868989117566,
    "test_runtime": 8.9374,
    "test_samples_per_second": 895.11,
    "test_steps_per_second": 3.58,
    "valid_accuracy": 0.51175,
    "valid_f1": 0.5088188457632702,
    "valid_loss": 0.7407928705215454,
    "valid_precision": 0.5294362762296152,
    "valid_recall": 0.5276617628438334,
    "valid_runtime": 8.962,
    "valid_samples_per_second": 892.655,
    "valid_steps_per_second": 3.571
}