{
    "epoch": 1.57,
    "test_accuracy": 0.445875,
    "test_f1": 0.3164572835240706,
    "test_loss": 1.188358187675476,
    "test_precision": 0.6126837919789462,
    "test_recall": 0.5031194756645421,
    "test_runtime": 8.9405,
    "test_samples_per_second": 894.801,
    "test_steps_per_second": 3.579,
    "valid_accuracy": 0.446625,
    "valid_f1": 0.318113612214777,
    "valid_loss": 1.1791367530822754,
    "valid_precision": 0.6008070368418238,
    "valid_recall": 0.5033435990635363,
    "valid_runtime": 8.9453,
    "valid_samples_per_second": 894.326,
    "valid_steps_per_second": 3.577
}