{
    "epoch": 1.26,
    "test_accuracy": 0.51075,
    "test_f1": 0.5083408702642951,
    "test_loss": 0.7257714867591858,
    "test_precision": 0.5273932436134512,
    "test_recall": 0.5259471447801618,
    "test_runtime": 8.819,
    "test_samples_per_second": 907.128,
    "test_steps_per_second": 3.629,
    "valid_accuracy": 0.524625,
    "valid_f1": 0.5225054539359878,
    "valid_loss": 0.7115815281867981,
    "valid_precision": 0.5415080265313719,
    "valid_recall": 0.5394690627933694,
    "valid_runtime": 8.7986,
    "valid_samples_per_second": 909.239,
    "valid_steps_per_second": 3.637
}